"timestamp_utc","http_ok","ready","metrics_bytes","metrics_lines","dell_up","dell_duration_seconds","dell_errors_total","dell_samples","inspur_up","inspur_duration_seconds","inspur_errors_total","inspur_samples","scrape_errors","working_set_bytes","private_bytes","cpu_seconds","handles"
"2026-08-28T08:41:36.2997601+00:00","True","False","0","1",,,,"0",,,,"0","","12169216","3825664","0","157"
"2026-08-28T08:42:06.4340004+00:00","True","False","65293","424","1","8.8652224","0","346",,,,"0","","18395136","5832704","0.046875","160"
"2026-08-28T08:42:36.5092528+00:00","True","False","65293","424","1","8.8652224","0","346",,,,"0","","18792448","5894144","0.046875","160"
"2026-08-28T08:43:06.5819478+00:00","True","True","83610","562","1","8.8652224","0","346","1","76.6527821","0","138","","20017152","7106560","0.046875","157"
"2026-08-28T08:43:36.6241907+00:00","True","True","83610","562","1","8.8652224","0","346","1","76.6527821","0","138","","20213760","7254016","0.046875","159"
"2026-08-28T08:44:06.6683881+00:00","True","True","83608","562","1","3.1162059","0","346","1","76.6527821","0","138","","20336640","7507968","0.046875","160"
"2026-08-28T08:44:36.7043054+00:00","True","True","83608","562","1","3.1162059","0","346","1","43.5665567","0","138","","20410368","7491584","0.078125","158"
"2026-08-28T08:45:06.7335702+00:00","True","True","83608","562","1","3.1162059","0","346","1","43.5665567","0","138","","20410368","7507968","0.078125","157"
"2026-08-28T08:45:36.7680131+00:00","True","True","83608","562","1","3.1162059","0","346","1","43.5665567","0","138","","20602880","7692288","0.078125","159"
"2026-08-28T08:46:06.8099326+00:00","True","True","83612","562","1","3.3092118","0","346","1","43.5665567","0","138","","20668416","7745536","0.078125","160"
"2026-08-28T08:46:36.8624445+00:00","True","True","83612","562","1","3.3092118","0","346","1","42.8789012","0","138","","21020672","8105984","0.078125","158"
"2026-08-28T08:47:06.9051319+00:00","True","True","83612","562","1","3.3092118","0","346","1","42.8789012","0","138","","20598784","7618560","0.078125","157"
"2026-08-28T08:47:36.9626259+00:00","True","True","83612","562","1","3.3092118","0","346","1","42.8789012","0","138","","20951040","8003584","0.078125","159"
"2026-08-28T08:48:06.9930987+00:00","True","True","83610","562","1","2.9852907","0","346","1","42.8789012","0","138","","21118976","8146944","0.078125","160"
"2026-08-28T08:48:37.0435450+00:00","True","True","83610","562","1","2.9852907","0","346","1","43.2723511","0","138","","21364736","8466432","0.078125","158"
"2026-08-28T08:49:07.1099368+00:00","True","True","83610","562","1","2.9852907","0","346","1","43.2723511","0","138","","21364736","8466432","0.078125","157"
"2026-08-28T08:49:37.1521957+00:00","True","True","83610","562","1","2.9852907","0","346","1","43.2723511","0","138","","21397504","8486912","0.109375","159"
"2026-08-28T08:50:07.1947394+00:00","True","True","83616","562","1","8.554079699999999","0","346","1","43.2723511","0","138","","20946944","7938048","0.125","159"
"2026-08-28T08:50:37.2303977+00:00","True","True","83616","562","1","8.554079699999999","0","346","1","43.2723511","0","138","","20996096","8003584","0.15625","160"
"2026-08-28T08:51:07.2776631+00:00","True","True","83616","562","1","8.554079699999999","0","346","1","74.9050643","0","138","","21430272","8605696","0.15625","157"
"2026-08-28T08:51:37.3204499+00:00","True","True","83616","562","1","8.554079699999999","0","346","1","74.9050643","0","138","","21557248","8724480","0.171875","160"
"2026-08-28T08:52:07.3571557+00:00","True","True","83612","562","1","2.4566877","0","346","1","74.9050643","0","138","","21340160","8474624","0.1875","160"
"2026-08-28T08:52:37.3912633+00:00","True","True","83612","562","1","2.4566877","0","346","1","43.3037502","0","138","","21626880","9195520","0.203125","158"
"2026-08-28T08:53:07.4226922+00:00","True","True","83612","562","1","2.4566877","0","346","1","43.3037502","0","138","","21606400","9162752","0.203125","157"
"2026-08-28T08:53:37.4495281+00:00","True","True","83612","562","1","2.4566877","0","346","1","43.3037502","0","138","","21630976","9240576","0.203125","159"
"2026-08-28T08:54:07.4931792+00:00","True","True","83608","562","1","2.6016142","0","346","1","43.3037502","0","138","","21536768","8658944","0.21875","159"
"2026-08-28T08:54:37.5502434+00:00","True","True","83607","562","1","2.6016142","0","346","1","44.102911","0","138","","21819392","9101312","0.21875","158"
"2026-08-28T08:55:07.5886550+00:00","True","True","83607","562","1","2.6016142","0","346","1","44.102911","0","138","","21778432","9031680","0.21875","157"
"2026-08-28T08:55:37.6460616+00:00","True","True","83607","562","1","2.6016142","0","346","1","44.102911","0","138","","21807104","9031680","0.234375","160"
"2026-08-28T08:56:07.6846108+00:00","True","True","83609","562","1","2.5783489","0","346","1","44.102911","0","138","","21618688","8560640","0.234375","160"
"2026-08-28T08:56:36.7464299+00:00","True","True","83610","562","1","2.5783489","0","346","1","42.5148182","0","138","","21991424","9240576","0.234375","158"
